Timestamp,Tweet,Sentiment
2025-03-01 13:10:22+00:00,Meghan Markle Is Now A Startup Investor And Oprah Sends Her Full Support. The Duchess of Sussex''s first public investment is a very trendy one.,0.345
2025-03-01 12:44:57+00:00,"Startup Investment Partner Announcement for Venture X: The Deep Tech Edition, Investor-Startup Connect 2025.

Investment Partner: Milan Roy [AVP, ]",0.0
2025-03-01 12:42:58+00:00,"Rainmatter by Zerodha joins Prayagraj Startup MahaKumbh 2.0 as an Investment Partner!

If you're building in fintech, healthtech, or climatetech, this is your chance to pitch for funding &amp; strategic support. 

Register Now:",0.0
2025-03-01 12:11:38+00:00,"I had a fascinating talk at the West Midlands business startup policy roundtable hosted by _association and 

Great to hear directly from  investors and businesses about how we can drive more investment towards homegrown entrepreneurs and startups.",0.525
2025-03-01 12:03:50+00:00,Imp. of Asset allocation:,0.0
2025-03-01 11:19:59+00:00,"Wellness within reach - train where you shop.

At SS WhiteWater by SS Group, the heart of commerce built for you.

Visit us:",0.0
2025-03-01 11:02:36+00:00,"Game changing sports tech startup secures multi-million dollar investment from top VC firm, set to revolutionize fan engagement and ticket sales",-0.03333333333333335
2025-03-01 10:57:18+00:00,"The Story of the Growth of 's `'

Thier service for  üëá
1. Investment Strategy Development
2. Choosing a suitable investor
3. Pitch deck preparation
4. Institutional Assessment Guidance
5. Detailed market research",0.47500000000000003
2025-03-01 10:49:52+00:00,"Surfing the wave of opportunity, the new frontier of venture capital investment is on the rise as investors dive headfirst into lucrative startup deals",0.13636363636363635
2025-03-01 10:49:07+00:00,"4. Investment &amp; Startup Research

Looking to invest in a startup or spot the next unicorn? DeepSearch helps analyze financial health, investor trends, and market positioning.

Try this prompt:
‚ÄúAnalyze the startup landscape in [industry]. Identify promising startups, their‚Ä¶",0.06666666666666667
2025-03-01 10:42:41+00:00,The hidden value in everyday transactions is growing faster than any new tech startup It's time to rethink what makes a successful investment and challenge the,0.12992424242424241
2025-03-01 10:37:43+00:00,A new IEO is on the horizon. Get ready for $MASA on Coinstore Launchpad Startup and seize this exciting investment opportunity.,0.21212121212121213
2025-03-01 10:34:38+00:00,"The Indian startup environment is experiencing an element of difficulty because VC funding shows continued decrease after the previous week. 
.
To read more info, check out this link:  
.
.",0.16666666666666669
2025-03-01 10:30:25+00:00,"The search for early alpha ‚Äì insider information or insights that can give you an edge ‚Äì often depends on the context (eg investment, startup, gaming, etc.). For example.
1.Creators 2.Groups
3.Friends 4.Secret Communities",0.1
2025-03-01 10:30:10+00:00,Sounds intriguing! One of my best trades was investing in a small tech startup before they launched their first product. Their success led to a great return on investment!,0.4458333333333333
2025-03-01 10:16:42+00:00,Game of risk and reward: will you bet on the underdog DeFi startup or play it safe with a proven investment strategy?,0.04999999999999999
2025-03-01 09:31:16+00:00,"Drawbridge: A LinkedIn Growth Story

Drawbridge, a cybersecurity startup, leveraged LinkedIn to build trust with financial industry leaders.

Their active presence and endorsements drew investors, resulting in a $40M investment (Francisco Partners, 2022).

The psychology?‚Ä¶",-0.06666666666666667
2025-03-01 09:26:00+00:00,"Gamifying investment risk management through a novel derivatives exchange is being pioneered by a rising startup, poised to revolutionize how traders approach",0.0
2025-03-01 09:25:53+00:00,The hidden value in everyday transactions is growing faster than any new tech startup It's time to rethink what makes a successful investment and challenge the,0.12992424242424241
2025-03-01 09:18:12+00:00,Game changing sports tech startup lands $10m investment to boost virtual stadium experience and immersive fan engagement,-0.4
2025-03-01 09:08:22+00:00,"The search for early alpha ‚Äì insider information or insights that can give you an edge ‚Äì often depends on the context (eg investment, startup, gaming, etc.). For example.
1.Creators 2.Groups
3.Friends 4.Secret Communities",0.1
2025-03-01 08:35:48+00:00,"Learning for startup: Never be too dependant on VC money. 

Best VC investment you rely upon is your own Customers",0.8
2025-03-01 08:00:15+00:00,5/10 Hard data indicates that lack of funding was cited as the reason behind 47% of startup closures in 2022. Growing quickly through investment helps avoid being left behind in highly competitive markets.,-0.09972222222222221
2025-03-01 08:00:13+00:00,"üßµ 1/10 Is it advisable to dilute your equity to secure investment rounds if your business can scale without external funds? In this thread, we break down why rapid growth is crucial in the startup world.",0.06111111111111111
2025-03-01 07:57:33+00:00,This leader claims quality saves money and builds a firm‚Äôs future. What do you think‚Äîcost or investment? ü§ëüì∑,-0.1
2025-03-01 07:50:40+00:00,"4. Investment &amp; Startup Research

Want to invest in a startup or analyze potential unicorns? Use DeepSearch to uncover financial health, investor trends, and market positioning.

Try this prompt:

""Analyze the startup landscape in [industry]. Identify promising startups, their‚Ä¶",0.06666666666666667
2025-03-01 07:41:40+00:00,Snowflake Expands AI Startup Accelerator with $200M Investment,0.0
2025-03-01 07:01:33+00:00,"Startup Investment Partner Announcement for Venture X: The Deep Tech Edition, Investor-Startup Connect 2025.

Investment Partner: _agarwal [AVP, ]",0.0
2025-03-01 05:51:18+00:00,"INNOVATOR - IS A STARTUP OF STARTUPS!

INNOVATIVE SOCIAL NETWORK OF INVESTMENT AND MONETIZATION OF THE IDEAS!",0.2708333333333333
2025-03-01 05:38:42+00:00,Meghan Markle Is Now A Startup Investor And Oprah Sends Her Full Support. The Duchess of Sussex''s first public investment is a very trendy one.,0.345
2025-03-01 04:54:24+00:00,"LOGICLENS, an AI-driven video analytics startup, secures investment from Qi Ventures to revolutionize real-time video intelligence and redefine industry standards.",0.0
2025-03-01 04:22:21+00:00,"Yup! Vanity purchased . Wealth status established by how much money you can WASTE on disposable things ( diamond polish is NOT an investment ) 
Could take 50,000 and donate to a cause, help pay some family‚Äôs mortgage or a hospital bill in the states, support a startup but noüí∞ üóëÔ∏è",0.0
2025-03-01 02:28:31+00:00,"I promised exciting attractions in Antarctica, and as a result of our efforts, we are introducing an ambitious investment of LLP ¬£100B (equivalent to 13 TRX at startup value). This transformative plan will establish the region as a global hub for innovation, adventure, and‚Ä¶",0.18333333333333335
2025-03-01 02:27:41+00:00,"I promised exciting attractions in Antarctica, and as a result of our efforts, we are introducing an ambitious investment of LLP ¬£100B (equivalent to 13 TRX at startup value). This transformative plan will establish the region as a global hub for innovation, adventure, and‚Ä¶",0.18333333333333335
2025-03-01 02:20:25+00:00,"Assam for ""Ease of Doing Business""
1)Its Green Nature 
2)Availability of Open space,Water n Energy,Labour Force
3)Logistics n Warehouse policy 2022
4)Industrial n Investment policy 2022
6)Semicon policy 2023
6)Startup policy 2017
7)Assam Aerospace n Defence Mfd policy 2025
8)....",0.09999999999999999
2025-03-01 00:25:03+00:00,Best for,1.0
2025-03-01 00:08:26+00:00,"@_Startup_Hub _io Grindyery: A smart investment in the future of DeFi!  With its innovative features and strong backing, this IDO presents a compelling opportunity for growth.",0.2895238095238095
2025-02-28 23:42:43+00:00,"@_Startup_Hub _Project Xghost's focus on privacy and security, coupled with its innovative blockchain technology, makes it a compelling investment opportunity.",0.4
2025-02-28 23:23:11+00:00,"Can we connect?Your point of view is highly relatable.I‚Äôm a start up looking for not just funding, but some time investment to help me work through the complexity of startup culture.Depending on the direction of our conversation and your guidance I can do more extensive research.",0.22
2025-02-28 22:57:19+00:00,"Founders‚Äîwhat‚Äôs the hardest part about scaling your startup? ü§î

1Ô∏è‚É£ Hiring the right team
2Ô∏è‚É£ Fundraising &amp; investor access
3Ô∏è‚É£ Navigating uncertainty

We get it. That‚Äôs why we launched a coaching &amp; investment program for diverse founders.

Drop your biggest challenge below! üëá",0.3571428571428571
2025-02-28 22:25:09+00:00,Why wait for a rocket when you can meme your way to Mars? üöÄüí• I‚Äôm already drafting my pitch deck for the ultimate startup planet! Mars is just a pre-seed investment away. Let‚Äôs disrupt the cosmos with some memes!,0.0
2025-02-28 22:22:51+00:00,"- Website Investment &amp; Monetization Platforms
- E-commerce &amp; SaaS Business Sales Portals
- Digital Real Estate &amp; Startup Acquisition Sites
- Web Hosting &amp; Domain Registration Companies
- SEO &amp; Digital Marketing Agencies
- Web Development &amp; Branding Agencies",0.06666666666666667
2025-02-28 22:13:09+00:00,"Make investment priority in your life to secure the future, I don't know how to say this but I'm grateful to Mr  on X app with all his efforts in my startup Bitcoin mining investment of $2000 I gained $20,300 weekly God bless  follow him",0.2
2025-02-28 22:12:02+00:00,"Make investment priority in your life to secure the future, I don't know how to say this but I'm grateful to Mr  on X app with all his efforts in my startup Bitcoin mining investment of $2000 I gained $20,300 weekly God bless  follow him",0.2
2025-02-28 22:11:43+00:00,"Make investment priority in your life to secure the future, I don't know how to say this but I'm grateful to Mr  on X app with all his efforts in my startup Bitcoin mining investment of $2000 I gained $20,300 weekly God bless  follow him",0.2
2025-02-28 22:11:12+00:00,"_content  Make investment priority in your life to secure the future, I don't know how to say this but I'm grateful to Mr  on X app with all his efforts in my startup Bitcoin mining investment of $2000 I gained $20,300 weekly God bless  follow him",0.2
2025-02-28 22:11:04+00:00,"Make investment priority in your life to secure the future, I don't know how to say this but I'm grateful to Mr  on X app with all his efforts in my startup Bitcoin mining investment of $2000 I gained $20,300 weekly God bless  follow him",0.2
2025-02-28 22:11:04+00:00,"Make investment priority in your life to secure the future, I don't know how to say this but I'm grateful to Mr  on X app with all his efforts in my startup Bitcoin mining investment of $2000 I gained $20,300 weekly God bless  follow him",0.2
2025-02-28 22:09:13+00:00,"Make investment priority in your life to secure the future, I don't know how to say this but I'm grateful to Mr  on X app with all his efforts in my startup Bitcoin mining investment of $2000 I gained $20,300 weekly God bless  follow him",0.2
2025-02-28 22:08:52+00:00,"Make investment priority in your life to secure the future, I don't know how to say this but I'm grateful to Mr  on X app with all his efforts in my startup Bitcoin mining investment of $2000 I gained $20,300 weekly God bless  follow him",0.2
2025-02-28 22:08:23+00:00,"Make investment priority in your life to secure the future, I don't know how to say this but I'm grateful to Mr  on X app with all his efforts in my startup Bitcoin mining investment of $2000 I gained $20,300 weekly God bless  follow him",0.2
2025-02-28 22:03:12+00:00,"Join the World's  Startup Pitch Competition ‚Äì Silicon Valley Regional!

Startup World Cup ‚Äì Silicon Valley Regional¬†provides startups global exposure, investment opportunities, and connections with industry thought leaders and executives. The winner from this regional event‚Ä¶",0.0
2025-02-28 22:02:36+00:00,"Join the World's  Startup Pitch Competition ‚Äì Silicon Valley Regional!

Startup World Cup ‚Äì Silicon Valley Regional¬†provides startups global exposure, investment opportunities, and connections with industry thought leaders and executives. The winner from this regional event‚Ä¶",0.0
2025-02-28 21:45:00+00:00,"üå± Dreaming of a startup? Tip to start: Focus on solving a problem, not selling a product. Customers crave solutions &amp; experience. üéØ Innovation Investment. Embrace feedback, pivot fast, &amp; let ideas flourish. Your mission‚Äôs clarity fuels growth! üöÄ",0.25
2025-02-28 21:30:08+00:00,"The RESTORE Patent Rights Act will incentivize investment, innovation, and startup activity by making patents more reliable and enforceable. Check out our full statement of support:",0.425
2025-02-28 21:28:00+00:00,is for sale,0.0
2025-02-28 21:19:54+00:00,"In the tech world, the founders and leaders of promising startup companies spend a large bulk of their time selling a vision for the future and recruiting investment to get there.",0.13809523809523808
2025-02-28 21:08:24+00:00,"Torram is a Bitcoin x Ai Startup Lab alumnus, and one of the most innovative projects in the  DeFi ecosystem.

Our program will give you the tools to build an investment-ready startup and become a champion in the ecosystem.

Visit us at:",0.5
2025-02-28 20:50:35+00:00,"First of all,this is not about the fact that they are wealthy,good on you for being successful.
Some of these people really worked hard to develop a company in a startup up kind of way.Others were helped by inheritance (that‚Äôs lucky for them) and some made intelligent investment",0.3773809523809524
2025-02-28 20:49:16+00:00,Game changing financial tech startup is launching a new platform to help small businesses make informed investment decisions with cutting-edge data analytics a,-0.12840909090909092
2025-02-28 20:47:42+00:00,"Afore Capital‚Äôs $185M Pre-Seed 2.0 is Changing Startup Funding!

‚úÖ Flexible investments: $100K ‚Äì $2M
‚úÖ No pressure to fundraise‚Äîjust build
‚úÖ FIR Program: Ideate &amp; launch with VC backing

üëá
üìñ Read the full breakdown:",0.35
2025-02-28 20:24:42+00:00,Game changing financial tech startup is launching a new platform to help small businesses make informed investment decisions with cutting-edge data analytics a,-0.12840909090909092
2025-02-28 20:21:08+00:00,Moonlighting as a quant for a DeFi startup can be a thrilling ride but requires a high degree of discipline to make informed investment decisions,0.20500000000000002
2025-02-28 20:14:48+00:00,"Swiping left on traditional banks, I'm betting on a fintech startup that's changing the game with its novel 'provenance bonds' - transparent investment vehicle",-0.13333333333333333
2025-02-28 20:14:30+00:00,New era of investment begins as venture capital firms start pouring billions into a startup that's creating digital identity tokens for everyday people,-0.02121212121212122
2025-02-28 20:02:52+00:00,"Game-changing sports tech startup scores major win in investment round, poised to revolutionize athlete performance tracking",0.22083333333333335
2025-02-28 19:59:25+00:00,Game changing sports tech startup scores $10m investment to revolutionize player safety and performance tracking,-0.4
2025-02-28 19:57:32+00:00,"Silicon Valley's next big thing isn't a startup, but an investment strategy that lets you own a piece of the future",0.15
2025-02-28 19:57:02+00:00,Game changing sports tech startup revolutionizes player investment with AI-powered contract management and dynamic risk assessment for athletes' futures,-0.2
2025-02-28 19:56:45+00:00,"The Bitcoin x Ai Startup Lab offers outstanding co-founder matching opportunities!

The co-founders at Bitflow Finance, Diego and Dylan, met each other through our bootcamp.

Gain the tools to build an investment-ready startup in record time:",0.19999999999999998
2025-02-28 19:53:40+00:00,New tech startup is redefining investment strategy by pairing AI-driven portfolio management with a peer-to-peer lending platform for high net worth individual,0.11927272727272728
2025-02-28 19:50:53+00:00,Game changing sports tech startup revolutionizes player investment with AI-powered contract management and dynamic risk assessment for athletes' futures,-0.2
2025-02-28 19:31:49+00:00,_2020 A new IEO is on the horizon. Get ready for $MASA on Coinstore Launchpad Startup and seize this exciting investment opportunity.,0.21212121212121213
2025-02-28 19:26:18+00:00,"Game-changing sports analytics startup is now backing promising DeFi projects, fueling a new wave of innovation and investment opportunities",0.16818181818181818
2025-02-28 19:09:25+00:00,"Talent scouts are searching for investors to fund the next big sports tech startup, promising a return on investment that's faster than a slam dunk",0.06666666666666667
2025-02-28 19:05:54+00:00,"Cansulta is a partner of  by Elevate, Canada‚Äôs largest startup awards &amp; investment summit, uniting tech founders, global investors, &amp; industry advisors to showcase promising companies + power investment deals.


CANSULTACIX2025 for 20% off. üé´",0.1
2025-02-28 18:55:04+00:00,Game changing sports tech startup revolutionizes player investment with AI-powered contract management and dynamic risk assessment for athletes' futures,-0.2
2025-02-28 18:20:46+00:00,Riding the wave of a private equity firm's new investment in a cutting-edge sports tech startup could lead to a high return on investment,0.024090909090909086
2025-02-28 18:14:49+00:00,Game changing sports analytics startup secures $10 million investment to revolutionize player performance tracking,-0.4
2025-02-28 18:04:20+00:00,The hidden value in everyday transactions is growing faster than any new tech startup It's time to rethink what makes a successful investment and challenge the,0.12992424242424241
2025-02-28 18:02:59+00:00,"Guess what? Another Cardano Accelerator program goes live!

In the heart of Crypto Valley in Switzerland, benefit from CV Labs' years of experience and fantastic VC network.

It's not just about capital investment, but giving your startup the best chance for success.",0.46761363636363634
2025-02-28 17:46:12+00:00,Silent revolution underway as underwater tech startup secures $10 million investment to develop autonomous ocean cleanup systems,0.2
2025-02-28 17:39:54+00:00,"At the back of the recent AI startup successes coming out of China, we are seeing big investment moves to ensure this keeps gathering momentum, now that they have a roadmap for how to succeed outside of China.",0.0
2025-02-28 17:31:39+00:00,Hidden behind every high-stakes investment is a tiny startup founder's dream of financial freedom,-0.14166666666666666
2025-02-28 17:28:13+00:00,"Game changing sports tech startup secures multi-million dollar investment from top VC firm, set to revolutionize fan engagement and ticket sales",-0.03333333333333335
2025-02-28 17:27:51+00:00,New era of investment begins as venture capital firms start pouring billions into a startup that's creating digital identity tokens for everyday people,-0.02121212121212122
2025-02-28 17:20:51+00:00,Underwater investment just got a new depth: A UK-based startup offers ocean-friendly bonds to fund marine conservation efforts,0.11818181818181818
2025-02-28 17:19:56+00:00,Innovative sports equipment startup lands $10 million investment from a prominent venture capital firm to further develop its cutting-edge athletic wear techno,0.2
2025-02-28 17:18:36+00:00,"Investing in yourself is the greatest investment you'll ever make, just like investing in a high-growth startup can reap huge rewards",0.7000000000000001
2025-02-28 17:16:21+00:00,"Today had a discussion with a group of young cofounders who sought investment for their fin tech startup. 

They wanted to raise at a valuation of xx crores when the company doesn't have a single rupee in revenue! And that too in the banking domain that has long sales cycle and a‚Ä¶",-0.01309523809523809
2025-02-28 17:15:47+00:00,Game of risk and reward: will you bet on the underdog DeFi startup or play it safe with a proven investment strategy?,0.04999999999999999
2025-02-28 17:05:10+00:00,Raising capital for a sports tech startup just got easier with blockchain-powered venture financing platforms that offer secure and transparent investment opti,0.4
2025-02-28 17:04:46+00:00,Game changing financial tech startup is launching a new platform to help small businesses make informed investment decisions with cutting-edge data analytics a,-0.12840909090909092
2025-02-28 16:39:24+00:00,"üè¢ **Web3 Startup Integration?**   Yes! ChronoKeys fuels a **DeFi analytics &amp; rewards platform**, where holders get first access to yield optimization tools &amp; private investment pools.",0.125
2025-02-28 16:29:45+00:00,"Crypto has been a giant drain of energy, capital, and above all mental and social bandwidth. We focused so much startup energy on crypto and what do we have to show for it? How has our society improved given the level of investment and labor into it?",0.026666666666666665
2025-02-28 16:08:56+00:00,TEAM Angels: Mumbai entrepreneurs launch startup investment collective,0.0
2025-02-28 16:08:29+00:00,"(1:22:02) Company resilience and employee reorganization
(1:25:52) Crypto regulation and startup mentality
(1:30:05) Investment trends among Robinhood users
(1:31:12) Retail benefits for startups and capital raising challenges",0.0
2025-02-28 16:07:11+00:00,"Invitation-only Events: Participate in industry invitation-only events, such as startup competitions or investment summits, which typically gather top talent and emerging projects.",0.11111111111111112
2025-02-28 15:43:15+00:00,"@_Startup_Hub _SoE  The combination of strong token utility, strategic partnerships, and guaranteed allocations makes this a compelling investment opportunity.",0.36666666666666664
2025-02-28 15:33:24+00:00,"ü´µ Join the  üè¥‚Äç‚ò†Ô∏è

¬ªNew head of Alliance of Angels excited to hit ‚Äòrefresh‚Äô on longtime startup investment group¬´",0.375
